ID,Pair,Side,Status,Qty,Filled,AvgPx,Lev,Created,Updated,CreatedRaw,UpdatedRaw
df9c5785-787c-4cee-8918-4c900d9e4876,B-ETH_USDT,sell,filled,0.007000,-,4040.530000,20x,2025-09-26 19:00:48,2025-09-26 19:00:49,1758913248579,1758913249055
fb78ddf6-a734-4681-b9e2-c06743d35eaa,B-ETH_USDT,sell,filled,0.007000,-,4042.770000,1x,2025-09-26 19:00:26,2025-09-26 19:00:26,1758913226268,1758913226731
4a1f96aa-55c0-4741-804a-6162f6195ec6,B-ETH_USDT,buy,filled,0.007000,-,3899.100000,20x,2025-09-26 12:06:08,2025-09-26 12:06:08,1758888368214,1758888368686
21deec1e-ea58-40d1-b64e-15e5a2da0b86,B-ETH_USDT,buy,filled,0.008000,-,3890.940000,1x,2025-09-26 10:56:35,2025-09-26 10:56:35,1758884195318,1758884195820
c4c44bd4-4e44-43a7-b8a7-701ad2d16c94,B-ETH_USDT,sell,filled,0.008000,-,4005.700000,20x,2025-09-25 11:33:13,2025-09-25 11:33:13,1758799993277,1758799993759
5dad8ab9-1a9e-416e-9037-043256489a07,B-ETH_USDT,sell,filled,0.012000,-,4090.910000,1x,2025-09-24 04:11:21,2025-09-24 04:11:23,1758687081849,1758687083111
ea27b719-0783-443a-bb7c-a404c5181001,B-ETH_USDT,buy,filled,0.012000,-,4292.610000,20x,2025-09-22 03:11:48,2025-09-22 03:11:48,1758510708383,1758510708871
1c1cf6cd-2822-4a7d-a93e-4e5215e26913,B-ETH_USDT,buy,filled,0.012000,-,4299.430000,1x,2025-09-22 03:08:39,2025-09-22 03:08:39,1758510519124,1758510519707
40d0e08d-acd0-4b36-a1a0-126510de80ed,B-ETH_USDT,sell,filled,0.012000,-,4469.800000,20x,2025-09-20 10:16:06,2025-09-20 10:16:07,1758363366661,1758363367188
aee35ea5-5788-4eac-89de-a939313da3d6,B-SOL_USDT,buy,filled,0.430000,-,249.890000,1x,2025-09-18 16:54:38,2025-09-18 16:54:38,1758214478161,1758214478676
22bbdaad-b0fa-4609-90ae-67fe10ece15b,B-SOL_USDT,sell,filled,0.430000,-,248.300000,30x,2025-09-18 15:55:33,2025-09-18 15:55:33,1758210933432,1758210933983
fae27b17-d72a-486f-911a-b9450cb5d2f1,B-ETH_USDT,sell,filled,0.021000,-,4605.790000,20x,2025-09-18 14:29:09,2025-09-18 14:29:09,1758205749435,1758205749959
fe578a0e-7db6-4adb-8957-2b36774f5161,B-ETH_USDT,buy,filled,0.021000,-,4614.040000,20x,2025-09-18 14:13:01,2025-09-18 14:13:03,1758204781458,1758204783340
6cf7b0a6-45c0-4a72-8515-347b0a3d6d1d,B-ETH_USDT,sell,filled,0.024000,-,4568.510000,20x,2025-09-18 12:12:07,2025-09-18 12:12:08,1758197527992,1758197528540
e2632d02-ea43-4d77-9bd8-4642fe5af3a7,B-ETH_USDT,buy,filled,0.024000,-,4574.680000,20x,2025-09-18 12:01:13,2025-09-18 12:01:13,1758196873438,1758196873951
221d489c-3c9b-4a71-8bb8-42d45702154b,B-ETH_USDT,buy,filled,0.024000,-,4573.960000,20x,2025-09-18 12:01:04,2025-09-18 12:01:05,1758196864462,1758196865075
fc66eb6b-2df0-4d20-8b3e-6aa7476a0a70,B-ETH_USDT,sell,filled,0.024000,-,4571.880000,20x,2025-09-18 11:46:06,2025-09-18 11:46:06,1758195966284,1758195966923
7cebfef2-8077-4221-a544-7de4c0e785e4,B-ETH_USDT,buy,filled,0.026000,-,4583.400000,20x,2025-09-18 11:33:12,2025-09-18 11:33:12,1758195192238,1758195192780
404ac607-21c1-424f-861c-90b062764f15,B-ETH_USDT,sell,filled,0.026000,-,4579.990000,20x,2025-09-18 11:27:13,2025-09-18 11:27:14,1758194833808,1758194834371
edf1b94f-5277-4721-9add-97d747f81db0,B-ETH_USDT,sell,filled,0.026000,-,4579.460000,20x,2025-09-18 11:27:04,2025-09-18 11:27:05,1758194824473,1758194825088
f0dd0d3a-287a-4ce5-b371-39ef7e3cef41,B-ETH_USDT,buy,filled,0.026000,-,4578.620000,20x,2025-09-18 11:01:17,2025-09-18 11:01:18,1758193277823,1758193278363
03802080-dfdf-4629-ae01-90f77055063c,B-ETH_USDT,buy,filled,0.026000,-,4580.140000,20x,2025-09-18 11:01:08,2025-09-18 11:01:09,1758193268517,1758193269041
c680f82b-aed4-478f-bbb7-c42bf35e62bb,B-ETH_USDT,sell,filled,0.026000,-,4576.730000,20x,2025-09-18 10:35:18,2025-09-18 10:35:19,1758191718622,1758191719195
ac5791ef-c663-4ab5-988c-9a0639a51e08,B-ETH_USDT,sell,filled,0.046000,-,4585.180000,20x,2025-09-18 06:06:18,2025-09-18 06:06:19,1758175578785,1758175579342
8d2b0693-0304-4832-99d3-38f535f58efc,B-ETH_USDT,buy,filled,0.046000,-,4586.660000,40x,2025-09-18 06:03:00,2025-09-18 06:03:00,1758175380037,1758175380572
d29fdfaf-e3ea-4a05-902e-2e2734848380,B-ETH_USDT,sell,filled,0.048000,-,4637.000000,40x,2025-09-18 03:16:23,2025-09-18 03:16:24,1758165383702,1758165384291
f603bb99-20df-4ec0-8fc6-42e3202c4a74,B-ETH_USDT,buy,filled,0.048000,-,4640.290000,40x,2025-09-18 03:16:12,2025-09-18 03:16:13,1758165372720,1758165373262
458641f4-03b0-4d9f-a975-9c2e9b50ddb8,B-ETH_USDT,sell,filled,0.048000,-,4639.980000,40x,2025-09-18 03:15:07,2025-09-18 03:15:08,1758165307457,1758165308045
25b0e67f-594e-438b-ad0f-4987a254c307,B-ETH_USDT,buy,filled,0.048000,-,4630.320000,40x,2025-09-18 03:12:45,2025-09-18 03:12:45,1758165165165,1758165165682
2b853c5c-9b6f-4525-a0ea-69a40e018a94,B-ETH_USDT,sell,filled,0.048000,-,4609.680000,40x,2025-09-18 02:09:14,2025-09-18 02:09:14,1758161354248,1758161354855
b25574c2-2cf4-4f8d-8218-deb992ed124e,B-ETH_USDT,buy,filled,0.048000,-,4610.140000,40x,2025-09-18 02:07:38,2025-09-18 02:07:38,1758161258377,1758161258890
8a8ddeef-264b-4e07-8fb2-3c0d8c32a8da,B-ETH_USDT,sell,filled,0.048000,-,4609.090000,40x,2025-09-18 02:06:33,2025-09-18 02:06:34,1758161193940,1758161194559
fbd79eb3-bc77-4e6b-a4ae-634441d15f8b,B-ETH_USDT,buy,filled,0.048000,-,4609.870000,40x,2025-09-18 02:06:23,2025-09-18 02:06:24,1758161183560,1758161184123
3e695a36-a5ac-4ad1-9d85-b17b01cd5d11,B-ETH_USDT,sell,filled,0.048000,-,4612.000000,40x,2025-09-18 02:05:18,2025-09-18 02:05:18,1758161118307,1758161118822
e7ae2bfd-8f00-4435-82a9-4a07ba5edcb8,B-ETH_USDT,buy,filled,0.048000,-,4613.230000,40x,2025-09-18 02:04:24,2025-09-18 02:04:24,1758161064355,1758161064858
bf71721a-944a-4825-9363-1f1232119e29,B-ETH_USDT,sell,filled,0.048000,-,4611.540000,40x,2025-09-18 02:03:20,2025-09-18 02:03:21,1758161000614,1758161001399
9031c008-634b-4eff-920c-c7315d4d1c15,B-ETH_USDT,buy,filled,0.048000,-,4612.230000,40x,2025-09-18 02:02:48,2025-09-18 02:02:49,1758160968969,1758160969736
4f33f1c0-7426-49f8-912e-15979ead512b,B-ETH_USDT,sell,filled,0.048000,-,4610.610000,40x,2025-09-18 02:01:46,2025-09-18 02:01:46,1758160906299,1758160906826
efbc68a6-325c-4850-b177-d1da8eb82bd7,B-ETH_USDT,buy,filled,0.048000,-,4612.980000,40x,2025-09-18 02:01:03,2025-09-18 02:01:03,1758160863167,1758160863932
2c3bb918-dca1-400f-aef7-b154a053278f,B-ETH_USDT,sell,filled,0.024000,-,4613.180000,1x,2025-09-18 01:40:56,2025-09-18 02:00:55,1758159656832,1758160855320
793efb12-20d5-4652-9705-eedd1fd577e4,B-ETH_USDT,buy,filled,0.027000,-,4481.690000,40x,2025-09-17 19:05:05,2025-09-17 19:05:06,1758135905738,1758135906314
c49be597-c46e-4541-ba86-f6e349fcfae9,B-ETH_USDT,sell,filled,0.027000,-,4470.327410,40x,2025-09-17 19:04:43,2025-09-17 19:04:44,1758135883434,1758135884096
a946a55d-02fc-4cc6-991c-a942ca977fb5,B-ETH_USDT,buy,filled,0.026000,-,4472.810000,40x,2025-09-17 19:03:14,2025-09-17 19:03:14,1758135794010,1758135794607
fd1768b5-9249-47a1-b851-d31e950012dc,B-ETH_USDT,sell,filled,0.026000,-,4469.040000,40x,2025-09-17 19:02:41,2025-09-17 19:02:42,1758135761899,1758135762473
72bf437a-f5c9-4146-98f5-2d13c3f89d79,B-ETH_USDT,buy,filled,0.030000,-,4462.240000,40x,2025-09-17 19:01:34,2025-09-17 19:01:35,1758135694815,1758135695365
61ca3d24-0857-49db-b552-94ced9435419,B-ETH_USDT,sell,filled,0.030000,-,4452.560000,40x,2025-09-17 19:01:23,2025-09-17 19:01:24,1758135683760,1758135684322
8c36c680-c6e6-4ee2-abd3-d82386be2aa5,B-ETH_USDT,buy,filled,0.031000,-,4457.890000,40x,2025-09-17 19:00:14,2025-09-17 19:00:15,1758135614842,1758135615501
797b8484-6b09-496f-adb6-c1c5199a198d,B-ETH_USDT,sell,filled,0.031000,-,4452.700000,40x,2025-09-17 19:00:04,2025-09-17 19:00:04,1758135604356,1758135604938
c6805bac-6b30-4f5c-bb1f-8d16ae2c4a29,B-ETH_USDT,buy,filled,0.031000,-,4452.570000,40x,2025-09-17 18:58:57,2025-09-17 18:58:57,1758135537030,1758135537822
98bc64a6-5dc5-4216-a020-c12e74412460,B-ETH_USDT,sell,filled,0.031000,-,4452.370000,40x,2025-09-17 18:58:46,2025-09-17 18:58:46,1758135526142,1758135526773
658a26a5-a37e-46e5-871f-1f219622edd2,B-ETH_USDT,buy,filled,0.033000,-,4441.760000,40x,2025-09-17 18:57:39,2025-09-17 18:57:40,1758135459821,1758135460412
9d73e318-a62d-49e2-b2ac-c2c893d42909,B-ETH_USDT,sell,filled,0.033000,-,4438.790000,40x,2025-09-17 18:57:28,2025-09-17 18:57:29,1758135448792,1758135449407
4cffb27d-422e-41f5-8808-3c9ebcbbf736,B-ETH_USDT,buy,filled,0.033000,-,4439.560000,40x,2025-09-17 18:56:23,2025-09-17 18:56:24,1758135383835,1758135384424
0f86a175-1b2a-4301-a4a7-b9e304ae497d,B-ETH_USDT,sell,filled,0.033000,-,4436.990000,40x,2025-09-17 18:56:13,2025-09-17 18:56:13,1758135373053,1758135373988
fa0a6fe7-f863-4b7d-80a4-39f1c5e024ba,B-ETH_USDT,buy,filled,0.034000,-,4430.000000,40x,2025-09-17 18:55:05,2025-09-17 18:55:06,1758135305786,1758135306329
b6408cac-0412-4ec3-872d-032132ced6eb,B-ETH_USDT,sell,filled,0.034000,-,4436.080000,40x,2025-09-17 18:53:49,2025-09-17 18:53:50,1758135229591,1758135230126
25ef626f-0306-40e9-aa73-1cd994fb1542,B-ETH_USDT,buy,filled,0.039000,-,4436.500000,40x,2025-09-17 18:52:44,2025-09-17 18:52:45,1758135164888,1758135165496
6ee32cd2-5a4b-41c5-a2ba-55cc173ed233,B-ETH_USDT,sell,filled,0.039000,-,4434.470000,40x,2025-09-17 18:52:34,2025-09-17 18:52:34,1758135154146,1758135154807
d6fc0cd3-5a43-46e6-8913-33f40df52f6b,B-ETH_USDT,buy,filled,0.040000,-,4445.560000,40x,2025-09-17 18:51:28,2025-09-17 18:51:29,1758135088555,1758135089161
f1d7be52-8cd0-4f55-aa49-daff2536d65c,B-ETH_USDT,sell,filled,0.040000,-,4448.790000,40x,2025-09-17 18:50:45,2025-09-17 18:50:46,1758135045748,1758135046330
c74773a6-dae5-4995-9c00-c0b6c3efb950,B-ETH_USDT,buy,filled,0.038000,-,4447.400000,40x,2025-09-17 18:49:41,2025-09-17 18:49:41,1758134981257,1758134981794
7eb5ca32-b2c3-48ee-908b-419efeab592c,B-ETH_USDT,sell,filled,0.038000,-,4459.530000,40x,2025-09-17 18:48:36,2025-09-17 18:48:36,1758134916111,1758134916718
f36255d8-b805-4476-abf9-52a0e5ce1822,B-ETH_USDT,buy,filled,0.014000,-,4444.000000,40x,2025-09-17 18:47:28,2025-09-17 18:47:29,1758134848503,1758134849013
09e79896-53ea-4712-9882-c08a98bac3e2,B-ETH_USDT,sell,filled,0.014000,-,4442.220000,40x,2025-09-17 18:46:56,2025-09-17 18:46:56,1758134816061,1758134816664
79db8eb5-1c00-455e-8d7e-33a3cbc5711f,B-ETH_USDT,buy,filled,0.024000,-,4445.500000,20x,2025-09-17 18:46:51,2025-09-17 18:46:51,1758134811134,1758134811741
e6ebedb3-8765-4b4d-9e81-dab3b0318dbe,B-ETH_USDT,buy,filled,0.047000,-,4487.570000,1x,2025-09-17 18:25:58,2025-09-17 18:25:58,1758133558283,1758133558855
f0e17473-a15a-4e4b-bdcd-006729b661e5,B-ETH_USDT,sell,filled,0.047000,-,4503.950000,50x,2025-09-17 18:05:24,2025-09-17 18:05:25,1758132324976,1758132325523
a9420d68-726a-44d0-a596-d9510b53f342,B-ETH_USDT,buy,filled,0.085000,-,4520.890000,1x,2025-09-17 17:29:52,2025-09-17 17:41:09,1758130192068,1758130869544
d8ae3bd9-8a91-4a3d-9020-72eb503f58ba,B-ETH_USDT,sell,filled,0.006000,-,4480.930000,40x,2025-09-17 15:30:15,2025-09-17 15:30:15,1758123015064,1758123015592
d7af2631-1556-40c4-a54d-af55f517f92e,B-ETH_USDT,sell,filled,0.079000,-,4486.400000,40x,2025-09-17 12:06:53,2025-09-17 12:06:54,1758110813492,1758110814051
e145c8e5-0e80-4af5-b8fe-a756ebd1671b,B-ETH_USDT,buy,filled,0.001000,-,4485.680000,1x,2025-09-17 12:06:03,2025-09-17 12:06:03,1758110763014,1758110763789
e6a9b31a-8f3e-4ea6-8980-4580ec3bde3f,B-ETH_USDT,sell,filled,0.087000,-,4493.470000,35x,2025-09-17 10:00:04,2025-09-17 10:00:05,1758103204585,1758103205290
006033eb-e3f9-4297-9f53-790859ce76e1,B-ETH_USDT,buy,filled,0.087000,-,4513.370000,35x,2025-09-17 06:02:10,2025-09-17 06:02:10,1758088930243,1758088930926
48cc12dd-1c2b-46bb-8fcb-bfe9460bc07f,B-ETH_USDT,sell,filled,0.087000,-,4496.240000,35x,2025-09-17 04:00:10,2025-09-17 04:00:11,1758081610651,1758081611401
0c49f8ef-e47f-4ccb-9ee3-c1f9377dd38d,B-ETH_USDT,buy,filled,0.086000,-,4497.930000,35x,2025-09-16 21:35:27,2025-09-16 21:35:28,1758058527586,1758058528131
b53316e3-9815-4781-9503-8e2b3416bb4a,B-ETH_USDT,buy,filled,0.049000,-,4496.500000,20x,2025-09-16 21:30:11,2025-09-16 21:30:12,1758058211750,1758058212327
6a9613d6-79f5-4e80-a2ba-527d03784cf8,B-ETH_USDT,sell,filled,0.049000,-,4490.990000,20x,2025-09-16 21:24:20,2025-09-16 21:24:21,1758057860531,1758057861078
054d968b-a72f-4e81-981f-4e7631ae379d,B-ETH_USDT,sell,filled,0.049000,-,4493.000000,20x,2025-09-16 21:23:12,2025-09-16 21:23:12,1758057792010,1758057792601
521d1575-33e2-410d-87cc-5533b4ac8b0b,B-ETH_USDT,buy,filled,0.049000,-,4480.210000,20x,2025-09-16 19:43:16,2025-09-16 19:43:17,1758051796475,1758051797386
ab7b2f97-59c4-44b1-8fb5-914c89e46240,B-ETH_USDT,buy,filled,0.049000,-,4480.620000,20x,2025-09-16 19:42:08,2025-09-16 19:42:09,1758051728591,1758051729170
25ce02e2-7070-47d4-9b0f-53c95d9e8acb,B-ETH_USDT,sell,filled,0.049000,-,4473.110000,20x,2025-09-16 19:34:04,2025-09-16 19:34:05,1758051244365,1758051245061
fc2a3bd3-b1b8-4921-84ce-71317ea853df,B-ETH_USDT,sell,filled,0.049000,-,4472.610000,20x,2025-09-16 19:33:03,2025-09-16 19:33:04,1758051183753,1758051184410
0927bb4e-6cef-40ad-a58b-5770d900ec3e,B-ETH_USDT,buy,filled,0.049000,-,4477.830000,20x,2025-09-16 19:18:12,2025-09-16 19:18:13,1758050292629,1758050293129
03ceb4ff-b11a-44ff-948b-0f0bed33efd3,B-ETH_USDT,buy,filled,0.050000,-,4480.040000,20x,2025-09-16 19:17:04,2025-09-16 19:17:04,1758050224196,1758050224813
894f8206-e300-4239-8f3f-718fb762a604,B-ETH_USDT,sell,filled,0.050000,-,4466.000000,20x,2025-09-16 18:45:33,2025-09-16 18:45:33,1758048333225,1758048333749
a797d114-e0c8-4a2d-a8e5-bd7cb84a0773,B-ETH_USDT,sell,filled,0.142000,-,4483.300000,1x,2025-09-16 06:17:55,2025-09-16 13:37:48,1758003475929,1758029868358
69fd8123-1e1e-45de-8c35-87de36fd9fb7,B-ETH_USDT,buy,filled,0.142000,-,4529.670000,35x,2025-09-16 06:16:47,2025-09-16 06:16:48,1758003407387,1758003408280
8875d932-21f0-4a61-8e04-43377a5c0ffe,B-ID_USDT,sell,filled,106.000000,-,0.156450,1x,2025-09-15 22:21:20,2025-09-16 04:13:46,1757974880486,1757996026781
5f481f29-774d-4fc1-9986-fd9ff45e9f35,B-ETH_USDT,sell,filled,0.143000,-,4518.940000,1x,2025-09-15 22:15:15,2025-09-15 22:15:15,1757974515073,1757974515739
a60db3a7-93a0-4dd0-8a0c-503de9810952,B-ID_USDT,buy,filled,106.000000,-,0.158220,10x,2025-09-15 20:21:26,2025-09-15 20:21:26,1757967686423,1757967686976
6d03169f-29df-468a-b4ac-abba31983322,B-ETH_USDT,buy,filled,0.143000,-,4502.010000,35x,2025-09-15 18:56:43,2025-09-15 18:56:44,1757962603697,1757962604214
8e115e8f-11c6-41b2-825f-a16ebd3be917,B-ETH_USDT,sell,filled,0.119000,-,4489.700000,1x,2025-09-15 15:22:49,2025-09-15 16:57:15,1757949769184,1757955435597
611ed931-5ab1-4a85-8086-c0acc10b7df7,B-ETH_USDT,buy,filled,0.119000,-,4487.810000,35x,2025-09-15 15:19:52,2025-09-15 15:19:53,1757949592896,1757949593404
30c5f58a-aeb0-47b2-9a1d-9c95ca852784,B-ETH_USDT,sell,filled,0.144000,-,4504.890000,1x,2025-09-15 13:19:41,2025-09-15 13:40:09,1757942381243,1757943609436
a24d1954-203a-418f-b9bb-cb2a1e23012a,B-ETH_USDT,buy,filled,0.144000,-,4524.410000,35x,2025-09-15 09:52:51,2025-09-15 09:52:52,1757929971542,1757929972092
7c9c380e-cb0b-4200-abab-ba91c4c039b5,B-ETH_USDT,sell,filled,0.162000,-,4597.560000,1x,2025-09-15 07:27:29,2025-09-15 07:43:52,1757921249747,1757922232973
44210c34-44dd-4308-8628-0f8aa9cea14a,B-ETH_USDT,buy,filled,0.162000,-,4632.360000,35x,2025-09-15 07:08:32,2025-09-15 07:08:33,1757920112897,1757920113418
b2fb8b65-3761-43ab-ae57-bfc034e917be,B-ETH_USDT,buy,filled,0.116000,-,4597.650000,1x,2025-09-14 16:20:25,2025-09-14 16:20:26,1757866825840,1757866826421
d7da26cc-4f84-4321-ab24-53d8169d0b4e,B-ETH_USDT,sell,filled,0.116000,-,4627.340000,35x,2025-09-14 11:58:48,2025-09-14 11:58:48,1757851128511,1757851128967
45546b51-1b63-4846-a4f7-c7c47f9abaa1,B-ETH_USDT,sell,filled,0.241000,-,4668.970000,1x,2025-09-14 02:36:59,2025-09-14 02:37:00,1757817419755,1757817420595
bcc5b897-dad2-4206-ab46-f4e4424aa64d,B-ETH_USDT,buy,filled,0.241000,-,4689.140000,35x,2025-09-14 02:15:36,2025-09-14 02:15:37,1757816136413,1757816137131
452c0399-5575-481a-8319-fb5602b9f0f7,B-ETH_USDT,sell,filled,0.242000,-,4657.300000,1x,2025-09-14 01:02:49,2025-09-14 01:02:49,1757811769281,1757811769912
44b47c51-bf08-490c-aae8-a974dfe3bcb9,B-ETH_USDT,buy,filled,0.242000,-,4666.110000,35x,2025-09-14 00:02:26,2025-09-14 00:02:26,1757808146298,1757808146960
ff2bd1c4-a334-484c-931b-0e9371e7f14c,B-ETH_USDT,sell,filled,0.242000,-,4655.000000,1x,2025-09-13 23:30:48,2025-09-13 23:30:49,1757806248285,1757806249041
445d8a48-7224-41d1-abb1-b5ee43bac41e,B-ETH_USDT,buy,filled,0.242000,-,4664.700000,35x,2025-09-13 23:16:42,2025-09-13 23:16:43,1757805402465,1757805403243
5a634c85-1fbe-4386-98c4-f308a1dcfa69,B-ETH_USDT,buy,filled,0.187000,-,4615.660000,1x,2025-09-12 17:37:26,2025-09-12 17:44:16,1757698646132,1757699056821
0be3db9c-b724-4cf6-ab11-ab4c405e7c2b,B-ETH_USDT,sell,filled,0.187000,-,4596.460000,35x,2025-09-12 17:35:46,2025-09-12 17:35:47,1757698546593,1757698547205
d7a5ed6e-db27-4054-9e96-ac5d86f83791,B-ETH_USDT,sell,filled,0.189000,-,4558.000000,1x,2025-09-12 16:36:28,2025-09-12 16:36:29,1757694988751,1757694989379
84af1934-7a99-420a-8de9-da06caeaf6ad,B-ETH_USDT,buy,filled,0.189000,-,4536.250000,35x,2025-09-12 14:52:35,2025-09-12 14:52:36,1757688755497,1757688756024
57d59a0f-c2fe-427b-9eee-82d16d09840c,B-ETH_USDT,sell,filled,0.166000,-,4529.540000,1x,2025-09-12 14:39:56,2025-09-12 14:39:56,1757687996082,1757687996665
e0ef24cb-973f-47ff-8375-1f2ebe518292,B-ETH_USDT,buy,filled,0.166000,-,4538.170000,35x,2025-09-12 14:00:35,2025-09-12 14:00:36,1757685635479,1757685636160
8029e89b-7dbb-4e98-8930-2c98da6738ac,B-ETH_USDT,sell,filled,0.083000,-,4527.730000,1x,2025-09-12 07:45:18,2025-09-12 07:45:19,1757663118442,1757663119047
8760052e-2541-4291-9809-7b48a71c5002,B-ETH_USDT,sell,filled,0.084000,-,4546.850000,35x,2025-09-12 05:49:46,2025-09-12 05:49:47,1757656186454,1757656187376
70d0b9d1-d963-4b02-af92-244586533270,B-ETH_USDT,buy,filled,0.167000,-,4509.820000,35x,2025-09-12 04:16:19,2025-09-12 04:16:20,1757650579536,1757650580198
effa7208-ca23-4b8d-a253-4edf6e082481,B-ETH_USDT,sell,filled,0.084000,-,4498.700000,1x,2025-09-12 03:15:17,2025-09-12 03:15:17,1757646917231,1757646917869
c8bde043-9888-4daf-aea4-3920a2d7b191,B-ETH_USDT,sell,filled,0.085000,-,4521.000000,35x,2025-09-12 00:49:18,2025-09-12 00:49:19,1757638158861,1757638159779
989dc956-79fa-4cf7-a69e-cfde361104ef,B-ETH_USDT,buy,filled,0.169000,-,4450.380000,35x,2025-09-11 22:40:49,2025-09-11 22:40:49,1757630449085,1757630449838
70430e7b-3c75-4239-9c25-42b231c8fcbd,B-XRP_USDT,sell,filled,165.400000,-,2.337100,1x,2025-05-23 20:03:55,2025-05-23 20:03:55,1748030635413,1748030635871
6eb5b1ea-9641-4c30-949a-f6e39e4f0a65,B-XRP_USDT,buy,filled,165.400000,-,2.346700,100x,2025-05-23 19:51:41,2025-05-23 19:51:41,1748029901224,1748029901713
e798ebf9-3df4-4af0-bf58-c811d05e344a,B-XRP_USDT,sell,filled,145.800000,-,2.353900,1x,2025-05-23 19:12:38,2025-05-23 19:18:14,1748027558463,1748027894085
eb0d0e68-db28-4480-92a4-f47e39528352,B-XRP_USDT,buy,filled,145.800000,-,2.347500,100x,2025-05-23 19:03:51,2025-05-23 19:03:52,1748027031600,1748027032073
cd2e94f9-1a98-4a18-980d-c8451246fdf5,B-BNB_USDT,sell,filled,0.570000,-,666.530000,1x,2025-05-23 17:14:10,2025-05-23 18:52:59,1748020450513,1748026379261
1809de83-068a-4a07-a617-b8ab016f0679,B-BNB_USDT,buy,filled,0.570000,-,669.040000,100x,2025-05-23 17:10:10,2025-05-23 17:10:11,1748020210928,1748020211433
4c3e379b-97e4-4c68-bebd-87d01bf37aa9,B-BNB_USDT,sell,filled,0.790000,-,669.360000,1x,2025-05-23 16:01:02,2025-05-23 16:05:10,1748016062296,1748016310509
cdb0133d-f1f0-4ae3-9e1b-cafc1a2805fa,B-BNB_USDT,buy,filled,0.790000,-,670.970000,100x,2025-05-23 16:00:16,2025-05-23 16:00:17,1748016016903,1748016017521
16b77a03-b4ba-425f-9bbc-2f1fbf6f202d,B-BNB_USDT,sell,filled,1.050000,-,670.770000,1x,2025-05-23 15:49:57,2025-05-23 15:56:41,1748015397621,1748015801682
f4104e34-b3ef-4be5-b5f7-c2a547648a2c,B-BNB_USDT,buy,filled,1.050000,-,672.480000,100x,2025-05-23 15:46:55,2025-05-23 15:46:55,1748015215279,1748015215752
61d3054c-a317-48f0-82f7-fa2e9e9c078d,B-BNB_USDT,buy,filled,0.880000,-,671.670000,1x,2025-05-23 15:09:45,2025-05-23 15:09:45,1748012985088,1748012985625
0a685ef0-655a-4dd0-8b3c-f7c160777213,B-BNB_USDT,sell,filled,0.880000,-,674.426360,100x,2025-05-23 14:51:14,2025-05-23 14:51:14,1748011874060,1748011874563
a25da7e0-f0de-4d4f-a783-acc57e0ec0ba,B-BNB_USDT,buy,filled,1.080000,-,674.081110,1x,2025-05-23 14:46:31,2025-05-23 14:46:32,1748011591659,1748011592157
74d6af28-6348-444d-9ad7-c58dd3314f78,B-BNB_USDT,sell,filled,1.080000,-,672.950000,100x,2025-05-23 14:28:49,2025-05-23 14:28:49,1748010529286,1748010529731
54a09f8a-c8c7-461b-9428-c9f7f7cab357,B-BNB_USDT,sell,filled,0.690000,-,673.080870,1x,2025-05-23 14:06:16,2025-05-23 14:06:16,1748009176478,1748009176934
98e352fc-7966-495f-8ec0-057598a9c4a0,B-BNB_USDT,buy,filled,0.690000,-,664.350000,100x,2025-05-23 12:26:30,2025-05-23 12:26:31,1748003190213,1748003191009
b7369129-8b0f-464e-8413-c79a05c9383f,B-BNB_USDT,buy,filled,0.580000,-,668.250000,1x,2025-05-23 12:11:01,2025-05-23 12:11:01,1748002261020,1748002261609
ad5fa5d9-f3e3-468b-a1d1-ddb853a76ad5,B-BNB_USDT,sell,filled,0.580000,-,670.380000,100x,2025-05-23 11:58:02,2025-05-23 11:58:03,1748001482518,1748001483645
27473f2c-8f30-4efc-954c-a47af8106418,B-BNB_USDT,sell,filled,0.830000,-,671.880000,1x,2025-05-23 11:57:20,2025-05-23 11:57:20,1748001440249,1748001440973
560dceb9-c545-40b2-b343-ee27323ff959,B-BNB_USDT,buy,filled,0.830000,-,673.290000,100x,2025-05-23 11:53:13,2025-05-23 11:53:14,1748001193506,1748001194291
c6082f82-1644-48a3-975b-e885cd18c4fc,B-BNB_USDT,sell,filled,1.070000,-,672.440930,1x,2025-05-23 11:52:10,2025-05-23 11:52:19,1748001130449,1748001139987
b7b6e73f-ec97-4b48-88d8-52620d414869,B-BNB_USDT,buy,filled,1.070000,-,675.510000,100x,2025-05-23 11:50:50,2025-05-23 11:50:50,1748001050450,1748001050905
e8afab2e-822e-49ca-869f-ee8f7ba95305,B-BNB_USDT,buy,filled,0.950000,-,677.370000,1x,2025-05-23 11:47:12,2025-05-23 11:47:13,1748000832878,1748000833463
85a6d97a-628b-4e84-9aa9-5cc25170abaa,B-BNB_USDT,sell,filled,0.950000,-,681.510000,100x,2025-05-23 11:21:10,2025-05-23 11:21:11,1747999270645,1747999271188
8fd78e49-f6c2-4a97-a754-285906f1662d,B-BNB_USDT,sell,filled,1.550000,-,681.890000,1x,2025-05-23 10:50:48,2025-05-23 11:20:06,1747997448708,1747999206072
595e59dc-6fed-405d-8831-e914173dafc0,B-BNB_USDT,buy,filled,1.550000,-,683.890000,100x,2025-05-23 10:50:31,2025-05-23 10:50:31,1747997431301,1747997431780
bb14cca7-d300-496b-804b-24f45cd60bc6,B-BTC_USDT,sell,filled,0.006000,-,110964.400000,1x,2025-05-23 10:46:27,2025-05-23 10:46:27,1747997187332,1747997187815
930365b6-a911-478a-8dee-a1bf15e0e71f,B-BTC_USDT,buy,filled,0.006000,-,111160.700000,80x,2025-05-23 09:31:31,2025-05-23 09:31:32,1747992691939,1747992692407
b919c311-9c19-40b9-9eb1-d832858ba281,B-ETH_USDT,buy,filled,0.348000,-,2682.600000,1x,2025-05-23 09:28:12,2025-05-23 09:28:12,1747992492339,1747992492798
fe9454c8-3376-45fa-b05a-b6721ea414fd,B-ETH_USDT,sell,filled,0.348000,-,2651.600000,50x,2025-05-23 06:55:13,2025-05-23 06:55:14,1747983313760,1747983314247
85169d70-07d3-43aa-bc6a-747dd42cd5af,B-FARTCOIN_USDT,sell,filled,35.400000,-,1.544800,1x,2025-05-22 21:37:59,2025-05-22 23:19:07,1747949879402,1747955947292
99eea4fc-ec0d-4df8-8c25-29bbc2e0607e,B-FARTCOIN_USDT,buy,filled,35.400000,-,1.512400,5x,2025-05-22 21:31:03,2025-05-22 21:31:04,1747949463804,1747949464287
4a25b960-d9dd-4d1a-9802-280cb1174b9d,B-BTC_USDT,sell,filled,0.003000,-,110715.000000,1x,2025-05-22 21:26:40,2025-05-22 21:26:40,1747949200219,1747949200677
c1672414-3c7f-4cd3-a430-2496815574d7,B-BNB_USDT,sell,filled,0.810000,-,679.950000,1x,2025-05-22 20:49:59,2025-05-22 20:55:47,1747946999844,1747947347743
15dc5289-1f3e-4a36-a0f1-32afc509bfa3,B-XRP_USDT,buy,filled,104.400000,-,2.417400,1x,2025-05-22 20:22:47,2025-05-22 20:34:52,1747945367175,1747946092489
fab50fea-2ffd-482b-8bd8-9b118bab5d92,B-XRP_USDT,sell,filled,104.400000,-,2.427800,99x,2025-05-22 20:16:30,2025-05-22 20:16:31,1747944990620,1747944991086
809d10d2-0097-4328-9e03-964884458e88,B-BTC_USDT,buy,filled,0.003000,-,111615.300000,40x,2025-05-22 18:18:19,2025-05-22 18:18:20,1747937899565,1747937900112
781c1f82-5c35-48b8-90c9-fad076c8908d,B-BNB_USDT,buy,filled,0.810000,-,680.440000,50x,2025-05-22 18:14:16,2025-05-22 18:14:17,1747937656649,1747937657094
4197039c-a48c-44fc-a58c-86391e193007,B-XRP_USDT,sell,filled,470.000000,-,2.421800,1x,2025-05-22 17:52:32,2025-05-22 18:05:55,1747936352510,1747937155351
55de9588-5fff-4ca4-81d8-2b7ca2ccc72d,B-XRP_USDT,buy,filled,470.000000,-,2.425600,59x,2025-05-22 17:51:43,2025-05-22 17:51:43,1747936303347,1747936303805
c3cfc955-546c-403f-9f33-37bb0d1a18e4,B-ETH_USDT,sell,filled,0.338000,-,2651.460000,1x,2025-05-22 17:46:46,2025-05-22 17:46:47,1747936006941,1747936007400
95bd4a7c-3fb0-4fd8-a97a-af65a2b6fab1,B-ETH_USDT,buy,filled,0.338000,-,2660.430000,40x,2025-05-22 17:16:33,2025-05-22 17:16:34,1747934193886,1747934194372
d6876f20-2e2c-4a66-b84a-951e38e2ee69,B-ETH_USDT,sell,filled,0.376000,-,2642.630000,1x,2025-05-22 16:38:55,2025-05-22 16:56:26,1747931935488,1747932986973
c2cbc79a-acad-4c61-adb5-20064d66947c,B-ETH_USDT,buy,filled,0.376000,-,2651.250000,60x,2025-05-22 16:38:18,2025-05-22 16:38:18,1747931898117,1747931898580
2687d180-1267-4d64-a871-e821d6129d4e,B-ETH_USDT,sell,filled,0.519000,-,2646.590000,1x,2025-05-22 16:36:11,2025-05-22 16:36:11,1747931771052,1747931771594
11dbb44f-3dcf-406d-9bb4-f92d2c675239,B-ETH_USDT,buy,filled,0.519000,-,2636.480000,60x,2025-05-22 16:34:05,2025-05-22 16:34:05,1747931645212,1747931645668
d5d0f489-474b-4f38-b60a-0579b35f7ab0,B-BTC_USDT,sell,filled,0.003000,-,111076.100000,1x,2025-05-22 16:32:15,2025-05-22 16:32:15,1747931535163,1747931535609
a1ecd12e-f48f-429c-b0b8-6c622c8900ad,B-ETH_USDT,sell,filled,0.356000,-,2651.990000,1x,2025-05-22 16:18:50,2025-05-22 16:28:10,1747930730545,1747931290399
78d116c7-b2c1-443f-a3a0-db65dbf00580,B-ETH_USDT,buy,filled,0.356000,-,2672.250000,60x,2025-05-22 16:17:20,2025-05-22 16:17:20,1747930640442,1747930640874
b896b98d-0945-4fcf-ae80-0998c41befe8,B-BTC_USDT,buy,filled,0.003000,-,111398.600000,20x,2025-05-22 16:07:49,2025-05-22 16:07:49,1747930069511,1747930069984
8b8f494d-8a40-493a-b1b6-f93adfa3db81,B-ETH_USDT,buy,filled,0.624000,-,2661.820000,1x,2025-05-22 15:59:36,2025-05-22 15:59:36,1747929576021,1747929576456
38f61887-b940-476a-95d1-c8efaa06c808,B-ETH_USDT,sell,filled,0.624000,-,2669.510000,60x,2025-05-22 15:47:47,2025-05-22 15:47:48,1747928867631,1747928868127
1e8ddca1-e42a-41ce-a898-5512920b5e73,B-ETH_USDT,buy,filled,0.504000,-,2675.320000,1x,2025-05-22 15:10:29,2025-05-22 15:34:20,1747926629154,1747928060782
56cc9ef0-1c8f-4de9-8ce1-868333efb4d8,B-ETH_USDT,sell,filled,0.504000,-,2662.610000,60x,2025-05-22 15:02:57,2025-05-22 15:02:57,1747926177337,1747926177826
6d10b460-fdb6-48ea-931f-433af159ca62,B-ETH_USDT,sell,filled,0.510000,-,2663.740000,1x,2025-05-22 14:42:20,2025-05-22 14:42:21,1747924940754,1747924941524
4c1aabd9-fb82-4b3e-8299-c79163fb78bb,B-ETH_USDT,buy,filled,0.510000,-,2657.880000,60x,2025-05-22 14:39:14,2025-05-22 14:39:14,1747924754169,1747924754664
fde5bbae-2053-46da-8196-b3044fabb968,B-ETH_USDT,sell,filled,0.482000,-,2671.260000,1x,2025-05-22 14:34:18,2025-05-22 14:34:18,1747924458077,1747924458553
219a5574-4654-4a4d-95ff-ab34615d7aca,B-ETH_USDT,buy,filled,0.482000,-,2665.070000,60x,2025-05-22 14:31:26,2025-05-22 14:31:27,1747924286737,1747924287299
a2c13fb2-e334-4b26-ab69-32c1fc6211ae,B-ETH_USDT,sell,filled,0.468000,-,2661.940000,1x,2025-05-22 14:30:20,2025-05-22 14:30:20,1747924220295,1747924220885
14c872e3-8bfb-4fa5-98cb-9380615da167,B-ETH_USDT,buy,filled,0.468000,-,2652.640000,50x,2025-05-22 14:12:37,2025-05-22 14:12:38,1747923157768,1747923158307
2efd3dac-e82c-4193-ad9b-f57083251a32,B-ETH_USDT,buy,filled,0.820000,-,2654.940000,1x,2025-05-22 13:39:38,2025-05-22 14:04:11,1747921178171,1747922651876
674201e7-8e4d-4391-8fdf-2150cfc26b05,B-ETH_USDT,sell,filled,0.820000,-,2634.190000,50x,2025-05-22 13:37:10,2025-05-22 13:37:10,1747921030086,1747921030704
1951fd35-0a82-4087-a143-9810d8c678d7,B-ETH_USDT,buy,filled,0.538000,-,2639.830000,1x,2025-05-22 13:36:16,2025-05-22 13:36:16,1747920976132,1747920976601
414300d6-56c5-4ce1-b3d9-ee915778dbe4,B-ETH_USDT,sell,filled,0.538000,-,2647.770000,50x,2025-05-22 11:08:31,2025-05-22 11:08:31,1747912111262,1747912111767
2ed88d00-8720-4741-a71f-7d21a760515e,B-ETH_USDT,sell,filled,0.717000,-,2669.160000,1x,2025-05-22 10:26:23,2025-05-22 10:26:24,1747909583650,1747909584147
e1812f4f-ffad-4c20-8e72-78166dc265e1,B-ETH_USDT,buy,filled,0.717000,-,2658.690000,50x,2025-05-22 10:10:49,2025-05-22 10:10:50,1747908649661,1747908650114
ccaa7885-91f0-44ac-9000-d007c4525db4,B-ETH_USDT,sell,filled,0.514000,-,2661.120000,1x,2025-05-22 09:51:50,2025-05-22 09:52:03,1747907510064,1747907523883
6e93191e-98c2-4501-918f-892056364021,B-ETH_USDT,buy,filled,0.514000,-,2665.950000,50x,2025-05-22 09:50:41,2025-05-22 09:50:41,1747907441413,1747907441912
8713d3c7-d9b4-474f-a2d3-576ac0399dfa,B-ETH_USDT,sell,filled,0.620000,-,2664.200000,1x,2025-05-22 09:19:52,2025-05-22 09:42:13,1747905592135,1747906933632
237bd375-6546-460b-a4eb-a2ebe1a653e7,B-ETH_USDT,buy,filled,0.620000,-,2680.350000,50x,2025-05-22 09:18:37,2025-05-22 09:18:37,1747905517101,1747905517579
e2d47dbd-448e-4881-b042-d7c1c05aabbe,B-ETH_USDT,sell,filled,0.605000,-,2668.700000,1x,2025-05-22 09:06:53,2025-05-22 09:06:54,1747904813854,1747904814367
8168db73-6ce1-4e86-969d-cd7771bdfb0e,B-ETH_USDT,buy,filled,0.605000,-,2664.560000,50x,2025-05-22 09:00:12,2025-05-22 09:00:12,1747904412315,1747904412813
60a5f275-fc4e-4e6d-8bc2-82a4128cef8f,B-ETH_USDT,buy,filled,0.564000,-,2664.290000,1x,2025-05-22 08:25:33,2025-05-22 08:25:33,1747902333245,1747902333693
2109c0ea-94ff-4acf-a81f-36b0c685e192,B-ETH_USDT,sell,filled,0.564000,-,2675.100000,50x,2025-05-22 08:21:49,2025-05-22 08:21:50,1747902109815,1747902110273
da385325-3975-432e-ad45-bda8c8cd5fe7,B-ETH_USDT,sell,filled,0.570000,-,2673.200000,1x,2025-05-22 08:17:59,2025-05-22 08:17:59,1747901879388,1747901879851
d7c4c856-1343-4c61-b624-2192cd6a9c56,B-ETH_USDT,buy,filled,0.570000,-,2630.620000,50x,2025-05-22 07:44:05,2025-05-22 07:44:06,1747899845623,1747899846104
27f91df2-7dee-4dd2-8eee-9936c7b12341,B-ETH_USDT,buy,filled,0.425000,-,2625.220000,1x,2025-05-22 07:37:23,2025-05-22 07:37:24,1747899443671,1747899444173
a26aa637-5b79-4dc9-96a7-dda8ae077148,B-ETH_USDT,sell,filled,0.425000,-,2619.310000,50x,2025-05-22 07:35:57,2025-05-22 07:35:57,1747899357167,1747899357612
70cb7ca6-c7bb-45e6-beb7-59e384c3c7fb,B-ETH_USDT,sell,filled,0.493000,-,2613.280000,1x,2025-05-22 07:17:51,2025-05-22 07:27:56,1747898271298,1747898876531
428a071b-2e5f-4b4e-9eed-0b7a827bebad,B-ETH_USDT,buy,filled,0.493000,-,2627.070000,50x,2025-05-22 07:16:12,2025-05-22 07:16:13,1747898172536,1747898173052
9cd63558-94f4-4098-8336-a48eb65ac56d,B-XRP_USDT,sell,filled,456.300000,-,2.392000,1x,2025-05-22 07:03:13,2025-05-22 07:03:14,1747897393666,1747897394180
ba9a9ec8-e6bf-412a-9175-369f59df25cf,B-XRP_USDT,buy,filled,456.300000,-,2.397500,40x,2025-05-22 06:41:32,2025-05-22 06:41:33,1747896092724,1747896093179
015615b9-73af-45e5-a7c9-35bf09220553,B-DOGE_USDT,sell,filled,1527.000000,-,0.238190,1x,2025-05-13 21:03:43,2025-05-13 21:03:44,1747170223704,1747170224211
44a47769-af62-4a38-8368-975ed260e888,B-DOGE_USDT,buy,filled,1527.000000,-,0.239380,100x,2025-05-13 20:49:02,2025-05-13 20:49:02,1747169342291,1747169342843
0617171b-291b-47ba-a7ea-151a064d912e,B-DOGE_USDT,buy,filled,1801.000000,-,0.239220,1x,2025-05-13 20:48:34,2025-05-13 20:48:34,1747169314212,1747169314671
f85ad5cf-b0b6-40fe-8f72-a1d820a2fa4f,B-DOGE_USDT,sell,filled,1801.000000,-,0.238370,80x,2025-05-13 20:45:07,2025-05-13 20:45:07,1747169107021,1747169107462
66200360-d13f-42b7-a874-3f9c4ba25357,B-DOGE_USDT,sell,filled,1798.000000,-,0.238650,1x,2025-05-13 20:42:45,2025-05-13 20:42:46,1747168965704,1747168966184
015d49c1-8c6e-402f-a020-20fc70a10e6f,B-DOGE_USDT,buy,filled,1798.000000,-,0.238030,80x,2025-05-13 20:01:23,2025-05-13 20:01:23,1747166483485,1747166483965
ad87622d-0573-4476-a343-0c5482a9a8bc,B-XRP_USDT,buy,filled,115.100000,-,2.565600,1x,2025-05-13 19:52:10,2025-05-13 19:52:11,1747165930548,1747165931656
759722a4-cef6-48f3-9696-8dda82aea2a2,B-XRP_USDT,sell,filled,115.100000,-,2.598400,100x,2025-05-13 19:46:10,2025-05-13 19:46:11,1747165570943,1747165571389
92f1fe4a-f377-40ef-ae2c-f2cf06139054,B-XRP_USDT,buy,filled,121.400000,-,2.601300,1x,2025-05-13 19:44:30,2025-05-13 19:44:30,1747165470334,1747165470779
648eb3b2-9f54-4ba3-bf44-ce3699b6b91a,B-XRP_USDT,sell,filled,121.400000,-,2.585900,80x,2025-05-13 19:29:21,2025-05-13 19:29:22,1747164561822,1747164562309
842e37f0-7d9c-47ed-a58d-731d38d03960,B-XRP_USDT,sell,filled,110.900000,-,2.569800,1x,2025-05-13 19:14:21,2025-05-13 19:14:22,1747163661648,1747163662121
2c457d95-5855-44da-9bfd-0461025f3261,B-XRP_USDT,buy,filled,110.900000,-,2.563300,80x,2025-05-13 19:10:05,2025-05-13 19:10:05,1747163405104,1747163405624
308f0671-0bcc-4ad3-86dd-ae7f3ac5803c,B-XRP_USDT,sell,filled,130.600000,-,2.561400,1x,2025-05-13 19:02:58,2025-05-13 19:07:03,1747162978179,1747163223326
04879a2a-0a09-4d60-a1b2-2a67be069d36,B-XRP_USDT,buy,filled,130.600000,-,2.565900,80x,2025-05-13 19:02:20,2025-05-13 19:02:20,1747162940483,1747162940920
7360c581-d99d-4cc0-a63d-e49f3af23e06,B-XRP_USDT,sell,filled,112.100000,-,2.571500,1x,2025-05-13 18:59:47,2025-05-13 18:59:48,1747162787539,1747162788025
e25e4c3b-a985-4e18-b233-2f2f0800cda0,B-XRP_USDT,buy,filled,112.100000,-,2.560800,80x,2025-05-13 18:18:23,2025-05-13 18:18:23,1747160303283,1747160303728
0c1572c6-75fa-41b8-a6f1-122ed8b6ab87,B-XRP_USDT,buy,filled,68.600000,-,2.562700,1x,2025-05-13 17:24:05,2025-05-13 17:24:05,1747157045259,1747157045716
9cd96fdd-0807-427a-ad83-cfb987cbe91c,B-XRP_USDT,sell,filled,68.600000,-,2.552500,40x,2025-05-13 16:55:22,2025-05-13 16:55:23,1747155322702,1747155323174
77b72ee9-2384-4026-ae5d-b70ff1a79236,B-XRP_USDT,buy,filled,31.700000,-,2.557500,1x,2025-05-13 16:25:42,2025-05-13 16:25:43,1747153542890,1747153543312
279c5498-7ec0-444d-adba-ee838a1cad87,B-XRP_USDT,sell,filled,31.700000,-,2.570800,19x,2025-05-13 16:14:15,2025-05-13 16:14:15,1747152855215,1747152855792
fcdd3bfb-1162-467e-af79-b9ab006ae4de,B-XRP_USDT,buy,filled,215.800000,-,2.574500,1x,2025-05-13 16:13:17,2025-05-13 16:13:18,1747152797693,1747152798166
2ff44740-a706-40b7-9e10-24bedee6da4c,B-XRP_USDT,sell,filled,215.800000,-,2.558800,80x,2025-05-13 16:10:24,2025-05-13 16:10:25,1747152624549,1747152625102
6ea248bd-3f38-4b47-9d16-00623ba88c2c,B-XRP_USDT,sell,filled,193.000000,-,2.542600,1x,2025-05-13 15:59:55,2025-05-13 15:59:55,1747151995486,1747151995961
6a8465b0-dad8-4d13-aa74-a49e089f1a54,B-XRP_USDT,buy,filled,193.000000,-,2.533200,80x,2025-05-13 15:49:36,2025-05-13 15:49:37,1747151376830,1747151377272
c4444e1f-548c-4bbb-bbc9-2f805f597fdb,B-XRP_USDT,buy,filled,242.400000,-,2.538800,1x,2025-05-13 15:45:44,2025-05-13 15:45:44,1747151144134,1747151144602
24e7a7a0-fd5a-4206-a3c1-4086b5c6c9c2,B-XRP_USDT,sell,filled,242.400000,-,2.532800,80x,2025-05-13 15:37:18,2025-05-13 15:37:19,1747150638641,1747150639111
382aa553-7002-46b0-ae3a-61a5dc3c20c8,B-XRP_USDT,sell,filled,226.500000,-,2.544500,1x,2025-05-13 15:29:08,2025-05-13 15:29:09,1747150148543,1747150149043
166e6b1f-1d51-48b4-ab6a-506fb59d6b23,B-XRP_USDT,buy,filled,226.500000,-,2.538500,80x,2025-05-13 15:22:19,2025-05-13 15:22:20,1747149739891,1747149740346
08bba3e2-eed1-4193-a1c3-15ee9bacde48,B-XRP_USDT,buy,filled,205.200000,-,2.536100,1x,2025-05-13 15:18:46,2025-05-13 15:18:46,1747149526560,1747149526999
f8530072-fbfe-4842-8128-45382f72d5bc,B-XRP_USDT,sell,filled,205.200000,-,2.543600,80x,2025-05-13 15:13:53,2025-05-13 15:13:53,1747149233498,1747149233974
f31f14ce-14a0-45e8-aa25-11c5a419f6a4,B-XRP_USDT,buy,filled,162.000000,-,2.530400,1x,2025-05-13 15:01:35,2025-05-13 15:07:35,1747148495377,1747148855717
0a852113-30a2-4eba-bfd3-0e8592b6a2ee,B-XRP_USDT,sell,filled,162.000000,-,2.520400,50x,2025-05-13 15:00:45,2025-05-13 15:00:46,1747148445539,1747148446071
02ad50b7-b311-49f2-b8af-b8263699a5c3,B-XRP_USDT,sell,filled,192.900000,-,2.523100,1x,2025-05-13 14:35:55,2025-05-13 14:35:56,1747146955768,1747146956238
8a541cf5-a775-40a0-947b-40d3e599edae,B-XRP_USDT,buy,filled,192.900000,-,2.531500,50x,2025-05-13 14:28:58,2025-05-13 14:28:59,1747146538752,1747146539468
98a02fdf-cf23-4fa6-83d5-3e6955373aa5,B-XRP_USDT,buy,filled,7.900000,-,2.088900,1x,2025-04-16 18:10:32,2025-04-16 18:10:33,1744827032536,1744827033082
c67014b9-83e2-45a6-b688-868be4282815,B-XRP_USDT,sell,filled,7.900000,-,2.055800,50x,2025-04-16 17:51:32,2025-04-16 17:51:32,1744825892425,1744825892886
2f6815b4-f6ea-4c1f-89f7-61bbcd48b4d0,B-XRP_USDT,buy,filled,26.000000,-,2.100000,1x,2025-04-16 14:32:12,2025-04-16 14:32:13,1744813932929,1744813933394
745437cc-24a0-4adb-b056-c4eac0b21496,B-XRP_USDT,sell,filled,26.000000,-,2.068700,50x,2025-04-16 08:50:40,2025-04-16 08:50:41,1744793440547,1744793441015
e511760b-d3ca-4077-a235-ca61bfeae3b9,B-XRP_USDT,sell,filled,100.100000,-,2.051200,1x,2025-04-16 07:25:01,2025-04-16 07:25:01,1744788301222,1744788301703
3484b747-aad2-431b-bb4a-9a3a8c4169b8,B-XRP_USDT,buy,filled,34.800000,-,2.075000,50x,2025-04-16 05:23:20,2025-04-16 05:23:21,1744781000715,1744781001124
487f05fa-998b-4aa6-9621-fc3906e4bc1a,B-XRP_USDT,buy,filled,65.300000,-,2.087600,50x,2025-04-16 05:18:03,2025-04-16 05:18:03,1744780683426,1744780683843
226f017e-3a5d-49e8-8e74-ed035c2ea885,B-DOGE_USDT,buy,filled,908.000000,-,0.155280,1x,2025-04-16 05:15:50,2025-04-16 05:15:51,1744780550972,1744780551412
f95b7200-dfe9-4882-9437-456f7e5e321c,B-DOGE_USDT,sell,filled,908.000000,-,0.154980,50x,2025-04-16 05:04:57,2025-04-16 05:04:58,1744779897840,1744779898539
9d3a8922-a5b2-45f0-a76e-b9140f97c6e0,B-XRP_USDT,buy,filled,124.600000,-,2.118700,1x,2025-04-15 21:11:24,2025-04-15 21:24:10,1744751484257,1744752250733
0c2fd2d3-69e4-4f2c-a6c2-4acb210a818d,B-XRP_USDT,sell,filled,124.600000,-,2.111900,50x,2025-04-15 21:09:14,2025-04-15 21:09:14,1744751354023,1744751354445
c4a9338a-084e-4e72-9076-048cf78c3613,B-XRP_USDT,sell,filled,154.300000,-,2.110000,1x,2025-04-15 21:07:13,2025-04-15 21:07:39,1744751233645,1744751259631
1782f76b-ed8b-4bf2-9f95-46c44296856f,B-XRP_USDT,buy,filled,154.300000,-,2.117400,50x,2025-04-15 20:46:11,2025-04-15 20:46:12,1744749971673,1744749972109
21489e64-c793-4e87-b0db-75b48c7b941f,B-XRP_USDT,buy,filled,146.600000,-,2.116900,1x,2025-04-15 20:45:47,2025-04-15 20:45:47,1744749947335,1744749947769
44141b75-f0c1-46fe-9511-31a58f43763a,B-XRP_USDT,sell,filled,146.600000,-,2.122300,50x,2025-04-15 20:32:35,2025-04-15 20:32:35,1744749155212,1744749155684
95a1d359-304c-4add-94ea-aad034504d0b,B-XRP_USDT,buy,filled,146.400000,-,2.121500,1x,2025-04-15 20:31:29,2025-04-15 20:32:25,1744749089867,1744749145163
ba7e6ae8-1e97-4e80-b218-9aa41ac40b57,B-XRP_USDT,sell,filled,146.400000,-,2.123300,50x,2025-04-15 20:14:54,2025-04-15 20:14:55,1744748094761,1744748095492
f8e4e5d8-04c2-47e3-a3c0-df85cd17b95c,B-SOL_USDT,buy,filled,2.780000,-,127.980000,1x,2025-04-15 20:11:06,2025-04-15 20:13:28,1744747866049,1744748008942
2f663407-860c-4b86-829b-5d012e025dc8,B-SOL_USDT,sell,filled,2.780000,-,127.730000,50x,2025-04-15 20:10:12,2025-04-15 20:10:13,1744747812666,1744747813103
dd716f15-8317-4dff-bfde-781b77a0bd1f,B-ADA_USDT,buy,filled,158.000000,-,0.619200,1x,2025-04-15 20:09:05,2025-04-15 20:09:06,1744747745866,1744747746309
553b2f81-f617-4872-a734-f98eb82a8f6a,B-ADA_USDT,sell,filled,158.000000,-,0.618200,20x,2025-04-15 19:59:49,2025-04-15 19:59:50,1744747189908,1744747190400
46483b15-6c05-4ac8-af50-cfea5f755f22,B-ADA_USDT,sell,filled,158.000000,-,0.618100,1x,2025-04-15 19:53:10,2025-04-15 19:59:08,1744746790757,1744747148542
3afa03a8-6f07-452f-aa86-b7dd15d9ef49,B-ADA_USDT,buy,filled,158.000000,-,0.617100,20x,2025-04-15 19:50:10,2025-04-15 19:50:10,1744746610375,1744746610848
078ddf26-4ae7-4306-85aa-342beb4f216b,B-ADA_USDT,buy,filled,237.000000,-,0.617300,1x,2025-04-15 19:48:09,2025-04-15 19:48:09,1744746489171,1744746489637
49db203a-2bd9-43f3-981a-199fd8179a8e,B-ADA_USDT,sell,filled,237.000000,-,0.618000,20x,2025-04-15 19:07:10,2025-04-15 19:07:11,1744744030565,1744744031039
156daf13-5676-45a8-b62d-cece14353f25,B-ADA_USDT,sell,filled,241.000000,-,0.620000,1x,2025-04-15 18:46:31,2025-04-15 18:48:31,1744742791419,1744742911015
6e284765-68a4-4199-991c-6e3aa630e978,B-ADA_USDT,buy,filled,241.000000,-,0.620200,20x,2025-04-15 18:10:39,2025-04-15 18:10:39,1744740639510,1744740639909
2b8c271c-88f9-49c3-85f6-8c85bcd8a57c,B-DOGE_USDT,sell,filled,1569.000000,-,0.155330,1x,2025-04-15 18:09:30,2025-04-15 18:09:30,1744740570097,1744740570565
a4c26304-c8e0-4f5a-998b-f412eba63267,B-DOGE_USDT,buy,filled,1569.000000,-,0.155090,50x,2025-04-15 18:08:04,2025-04-15 18:08:05,1744740484932,1744740485401
f722c5a9-f393-4fd7-9dc8-518b7dd43f89,B-SOL_USDT,sell,filled,1.980000,-,128.070000,1x,2025-04-15 18:06:06,2025-04-15 18:06:06,1744740366191,1744740366672
662377f4-a806-484b-bef2-84f318754732,B-SOL_USDT,buy,filled,1.980000,-,128.050000,50x,2025-04-15 17:56:16,2025-04-15 17:56:16,1744739776129,1744739776547
59c36998-53f4-41b4-b179-787e965fdc7f,B-SOL_USDT,sell,filled,2.160000,-,128.620000,1x,2025-04-15 17:40:37,2025-04-15 17:51:21,1744738837931,1744739481648
21b2b021-d737-421e-b492-5b1e05571931,B-SOL_USDT,buy,filled,2.160000,-,129.040000,50x,2025-04-15 17:39:55,2025-04-15 17:39:55,1744738795153,1744738795561
76463a5e-2732-407a-8bec-b74d52d92d5b,B-BNB_USDT,buy,filled,0.480000,-,583.620000,1x,2025-04-15 17:37:35,2025-04-15 17:37:35,1744738655159,1744738655578
2ea176de-41db-40dc-bb90-219afd2a146e,B-BNB_USDT,sell,filled,0.480000,-,583.160000,50x,2025-04-15 17:25:16,2025-04-15 17:25:18,1744737916224,1744737918735
56074070-24b8-4030-bca2-3015ceabddc0,B-ADA_USDT,sell,filled,197.000000,-,0.618500,1x,2025-04-15 17:23:59,2025-04-15 17:23:59,1744737839540,1744737839982
3f8dfd04-9665-40ae-9342-6473dcee3df6,B-ADA_USDT,buy,filled,197.000000,-,0.618700,20x,2025-04-15 17:23:53,2025-04-15 17:23:54,1744737833893,1744737834321
d38916e1-82de-490f-8f12-fd865758fd50,B-DOGE_USDT,buy,filled,1910.000000,-,0.155850,1x,2025-04-15 17:12:57,2025-04-15 17:12:58,1744737177867,1744737178311
0134a7dd-c529-46a3-adc9-6ad459ee21a1,B-DOGE_USDT,sell,filled,1910.000000,-,0.155970,50x,2025-04-15 17:08:07,2025-04-15 17:08:08,1744736887944,1744736888465
c49ba7d2-d184-4c2b-a5ec-9008ffc88663,B-DOGE_USDT,buy,filled,1762.000000,-,0.155950,1x,2025-04-15 16:57:50,2025-04-15 16:57:51,1744736270895,1744736271302
74da5673-2804-4086-838c-61575ca74f39,B-DOGE_USDT,sell,filled,1762.000000,-,0.156250,50x,2025-04-15 16:54:40,2025-04-15 16:54:41,1744736080791,1744736081246
5c148cc7-c179-4271-8a03-777402e8f1f5,B-DOGE_USDT,sell,filled,2078.000000,-,0.156150,1x,2025-04-15 16:10:54,2025-04-15 16:10:54,1744733454098,1744733454532
14840808-9f99-4981-8839-fee76ead2fa3,B-DOGE_USDT,buy,filled,2078.000000,-,0.155890,50x,2025-04-15 16:08:12,2025-04-15 16:08:12,1744733292330,1744733292757
99ba32f3-d3c9-4984-84b6-c5396c928bd1,B-XRP_USDT,buy,filled,126.500000,-,2.140900,1x,2025-04-15 15:33:41,2025-04-15 15:33:41,1744731221271,1744731221712
757965b4-3723-42e0-a599-9a24f6274d22,B-XRP_USDT,sell,filled,126.500000,-,2.143600,50x,2025-04-15 14:50:44,2025-04-15 14:50:45,1744728644983,1744728645702
d6966ee6-8254-4f57-8b83-1635bc7836fc,B-XRP_USDT,buy,filled,121.300000,-,2.144700,1x,2025-04-15 14:48:31,2025-04-15 14:48:31,1744728511249,1744728511671
14eb8419-0f58-4969-b5ef-802462beb802,B-XRP_USDT,sell,filled,121.300000,-,2.151000,50x,2025-04-15 14:42:54,2025-04-15 14:42:54,1744728174316,1744728174780
0ba64e36-cc16-4eca-8b89-c00fde23a9d8,B-DOGE_USDT,buy,filled,1468.000000,-,0.158040,1x,2025-04-15 14:18:40,2025-04-15 14:18:40,1744726720119,1744726720543
f98bde9e-e336-4aea-adba-4c56f00314d8,B-DOGE_USDT,sell,filled,1468.000000,-,0.159570,50x,2025-04-15 14:12:02,2025-04-15 14:12:03,1744726322622,1744726323334
2fc038ff-f614-4c46-8b61-ce1881e02158,B-XRP_USDT,sell,filled,102.100000,-,2.182200,1x,2025-04-15 13:49:24,2025-04-15 13:49:24,1744724964432,1744724964895
4881b61c-ae89-4aba-acb9-1454413b5841,B-XRP_USDT,buy,filled,102.100000,-,2.174800,50x,2025-04-15 13:43:38,2025-04-15 13:43:38,1744724618099,1744724618502
47529f67-772e-4e00-b345-14d66da3d7f8,B-BNB_USDT,sell,filled,0.120000,-,589.250000,1x,2025-04-15 13:40:35,2025-04-15 13:40:35,1744724435382,1744724435846
c096f460-7f16-4bcc-a86a-f2963a0bf5e9,B-SOL_USDT,sell,filled,0.680000,-,133.450000,1x,2025-04-15 13:40:19,2025-04-15 13:40:20,1744724419546,1744724420022
a26fd16f-58d8-4cdf-8950-b75c85eadfa4,B-DOGE_USDT,sell,filled,932.000000,-,0.160280,1x,2025-04-15 13:40:04,2025-04-15 13:40:04,1744724404014,1744724404459
b9c24e29-afd1-42a7-9857-8358de735d51,B-BNB_USDT,buy,filled,0.120000,-,588.120000,50x,2025-04-15 13:35:33,2025-04-15 13:37:11,1744724133276,1744724231958
e7c2be37-2c89-4408-b6ad-e20007c5093c,B-DOGE_USDT,buy,filled,932.000000,-,0.159260,50x,2025-04-15 13:28:49,2025-04-15 13:28:50,1744723729707,1744723730167
d76872c5-62a5-4ff0-86a8-a4e4f169a63f,B-SOL_USDT,buy,filled,0.680000,-,132.910000,50x,2025-04-15 13:02:49,2025-04-15 13:02:49,1744722169003,1744722169436
22f0c4e9-9d74-434e-96c4-cd04be1a8e35,B-ADA_USDT,buy,filled,124.000000,-,0.635500,1x,2025-04-15 12:25:58,2025-04-15 12:25:58,1744719958514,1744719958952
6c41dc01-048f-4f05-b445-e061c41b421c,B-ADA_USDT,sell,filled,124.000000,-,0.637000,20x,2025-04-15 12:20:35,2025-04-15 12:20:35,1744719635391,1744719635851
351453d4-b857-4323-99eb-14bfef74a5ff,B-ADA_USDT,sell,filled,177.000000,-,0.638700,1x,2025-04-15 12:05:32,2025-04-15 12:05:33,1744718732419,1744718733148
fdbb0d53-9a28-4684-a564-939bbed7a02a,B-ADA_USDT,buy,filled,177.000000,-,0.637200,20x,2025-04-15 12:02:33,2025-04-15 12:02:33,1744718553529,1744718553958
50e935da-508f-46c3-89b5-8132e05d7f20,B-XRP_USDT,buy,filled,98.900000,-,2.151400,1x,2025-04-15 11:32:27,2025-04-15 11:32:27,1744716747548,1744716747990
31c708ae-6335-4c0c-9a21-be4b4c634ba9,B-SOL_USDT,buy,filled,0.750000,-,132.440000,1x,2025-04-15 11:32:14,2025-04-15 11:32:14,1744716734250,1744716734691
a941adc2-75e6-4aa1-ba59-c4133d5fe7c6,B-SOL_USDT,sell,filled,0.750000,-,132.130000,50x,2025-04-15 11:14:05,2025-04-15 11:14:06,1744715645516,1744715646269
9a3360c3-d6b1-4a23-ad62-5b41858b32b9,B-SOL_USDT,sell,filled,0.750000,-,132.070000,1x,2025-04-15 11:13:54,2025-04-15 11:13:55,1744715634508,1744715635071
24718d1c-7953-4457-98d2-e68110705540,B-SOL_USDT,buy,filled,0.750000,-,132.080000,50x,2025-04-15 11:13:32,2025-04-15 11:13:33,1744715612595,1744715613015
59f0365f-fb5b-477f-a954-919e53dd1029,B-XRP_USDT,sell,filled,98.900000,-,2.149100,50x,2025-04-15 11:12:44,2025-04-15 11:12:45,1744715564982,1744715565516
9311ebf8-67a9-46cd-826f-44f88a67cf17,B-XRP_USDT,sell,filled,103.700000,-,2.148300,1x,2025-04-15 11:12:29,2025-04-15 11:12:29,1744715549541,1744715549980
2bd4a862-697b-42d3-8b79-fff7267122f7,B-XRP_USDT,buy,filled,103.700000,-,2.149800,50x,2025-04-15 11:11:45,2025-04-15 11:11:46,1744715505789,1744715506332
5cd5615f-3b6d-4dd9-8e59-02c947353bde,B-DOGE_USDT,buy,filled,1366.000000,-,0.159290,1x,2025-04-15 11:05:47,2025-04-15 11:05:48,1744715147812,1744715148223
70f46ed7-3de5-4bdc-b710-1e96caf53ea1,B-DOGE_USDT,sell,filled,1366.000000,-,0.159370,50x,2025-04-15 09:45:11,2025-04-15 09:45:12,1744710311827,1744710312512
f5919c0e-ca2d-4ca0-bcca-21c60df8f3bd,B-XRP_USDT,buy,filled,114.400000,-,2.151600,1x,2025-04-15 09:01:21,2025-04-15 09:01:21,1744707681315,1744707681738
3baf359f-1a1c-43fa-8cd2-bebae48e7d70,B-XRP_USDT,sell,filled,114.400000,-,2.149000,50x,2025-04-15 08:29:01,2025-04-15 08:29:01,1744705741490,1744705741943
cd9738dc-faa3-4c93-a221-801a314d645c,B-ADA_USDT,buy,filled,154.000000,-,0.643700,1x,2025-04-15 07:20:21,2025-04-15 07:20:22,1744701621728,1744701622166
bbedc523-3b83-4709-aeb7-6480785be190,B-ADA_USDT,sell,filled,154.000000,-,0.641100,20x,2025-04-15 06:19:06,2025-04-15 06:19:06,1744697946374,1744697946863
92b2a843-1ef7-4552-9990-44d13895e4b4,B-XRP_USDT,buy,filled,122.900000,-,2.143500,1x,2025-04-15 06:15:01,2025-04-15 06:15:01,1744697701003,1744697701450
7eae6197-3989-4f37-be2e-b9a7d170ad5a,B-XRP_USDT,sell,filled,122.900000,-,2.142900,50x,2025-04-15 04:51:52,2025-04-15 04:51:52,1744692712008,1744692712454
0a9ee406-2c35-4f3e-9cdf-88061e11c05b,B-XRP_USDT,buy,filled,128.200000,-,2.145000,1x,2025-04-15 04:42:34,2025-04-15 04:45:45,1744692154127,1744692345026
f963740b-c70a-4627-ae24-416d40d3f041,B-XRP_USDT,sell,filled,128.200000,-,2.143900,50x,2025-04-15 04:36:18,2025-04-15 04:36:19,1744691778952,1744691779403
337ef952-c00c-4049-b008-fb370fde1cf2,B-OM_USDT,buy,filled,34.700000,-,0.612438,1x,2025-04-15 04:33:39,2025-04-15 04:33:39,1744691619394,1744691619845
adae40ad-d335-4681-9b51-ba73b8b089e2,B-OM_USDT,sell,filled,34.700000,-,0.625180,4x,2025-04-15 04:21:44,2025-04-15 04:21:44,1744690904203,1744690904654
28059661-0628-4fa9-8c8a-3488205ac513,B-WIF_USDT,sell,filled,231.600000,-,0.430000,1x,2025-04-14 23:22:27,2025-04-14 23:32:24,1744672947578,1744673544344
8b994229-0e13-436d-bcaa-fac5fc90e0bc,B-WIF_USDT,buy,filled,231.600000,-,0.427500,20x,2025-04-14 21:46:13,2025-04-14 21:46:14,1744667173704,1744667174154
0e70d06d-35dc-40f4-9de1-9210a6ea9345,B-ADA_USDT,sell,filled,170.000000,-,0.633500,1x,2025-04-14 21:26:22,2025-04-14 21:26:22,1744665982409,1744665982839
593afe19-5dc3-4d1b-9f57-e5ebae764a26,B-ADA_USDT,buy,filled,170.000000,-,0.635900,20x,2025-04-14 20:50:17,2025-04-14 20:50:17,1744663817220,1744663817656
d2c7d190-c9c4-4972-8bf9-a2ec7fc129c4,B-ADA_USDT,sell,filled,135.000000,-,0.634100,1x,2025-04-14 20:32:09,2025-04-14 20:32:10,1744662729778,1744662730225
e53dc8a1-34b6-428e-bd7a-26f9b284b92b,B-DOGE_USDT,sell,filled,2648.000000,-,0.158370,1x,2025-04-14 20:23:57,2025-04-14 20:27:28,1744662237424,1744662448295
4828b528-f687-4fa2-b8fc-ebaf8f5df8c0,B-ADA_USDT,buy,filled,135.000000,-,0.639900,20x,2025-04-14 20:00:08,2025-04-14 20:00:09,1744660808281,1744660809398
7c510901-3ae8-4564-bf31-ae0f01b384cb,B-DOGE_USDT,buy,filled,2648.000000,-,0.160390,50x,2025-04-14 19:45:03,2025-04-14 19:45:03,1744659903533,1744659903990
968e5eb3-b586-4a66-997e-8bc878b689a4,B-DOGE_USDT,sell,filled,2543.000000,-,0.160800,1x,2025-04-14 19:42:16,2025-04-14 19:42:16,1744659736358,1744659736809
81ab7a42-1ca7-4a80-89d7-27617245d344,B-DOGE_USDT,buy,filled,2543.000000,-,0.160200,50x,2025-04-14 19:20:01,2025-04-14 19:20:02,1744658401985,1744658402545
6a24ac6b-2338-4bf9-aeff-e87c76e15988,B-DOGE_USDT,sell,filled,4822.000000,-,0.160190,1x,2025-04-14 19:11:58,2025-04-14 19:19:51,1744657918602,1744658391950
4f16043a-68d3-464a-94ff-f7eb72a23d86,B-DOGE_USDT,buy,filled,4822.000000,-,0.161010,50x,2025-04-14 19:09:10,2025-04-14 19:09:10,1744657750418,1744657750839
295d0654-e20a-4adf-ba84-11d1630ec61d,B-XRP_USDT,buy,filled,19.400000,-,2.158600,1x,2025-04-14 19:05:51,2025-04-14 19:05:52,1744657551996,1744657552455
3adc0c69-d7de-4081-a9ce-589bb5b6f27a,B-ETH_USDT,buy,filled,0.322000,-,1638.280000,1x,2025-04-14 19:04:55,2025-04-14 19:04:55,1744657495103,1744657495535
f9d9f60d-70af-4fb6-ba41-29bdc4ed7e5c,B-VTHO_USDT,buy,filled,28894.000000,-,0.002949,1x,2025-04-14 18:35:04,2025-04-14 18:37:16,1744655704974,1744655836744
67eea290-0679-4f59-a513-88a4ba58c807,B-VTHO_USDT,sell,filled,28894.000000,-,0.002922,15x,2025-04-14 18:34:11,2025-04-14 18:34:12,1744655651905,1744655652594
69f8c275-c936-49e3-a065-82445bf16d0d,B-ETH_USDT,sell,filled,0.322000,-,1639.230000,50x,2025-04-14 18:30:42,2025-04-14 18:30:43,1744655442774,1744655443255
142279a8-0ba3-4b15-acc0-4180b6232150,B-XRP_USDT,sell,filled,19.400000,-,2.153500,50x,2025-04-14 18:14:29,2025-04-14 18:14:29,1744654469338,1744654469793
56ef5789-8390-4258-a01d-6adcdd9762df,B-OM_USDT,sell,filled,16.200000,-,0.505990,1x,2025-04-14 17:01:34,2025-04-14 17:01:35,1744650094914,1744650095351
509c058c-6f99-40b0-a519-13bd3b7bdb95,B-OM_USDT,buy,filled,16.200000,-,0.581060,4x,2025-04-14 15:50:48,2025-04-14 15:50:48,1744645848434,1744645848881
59d88c98-4b0b-4bf1-b3cd-f956907b72cb,B-DOGE_USDT,sell,filled,838.000000,-,0.159750,1x,2025-04-14 15:48:13,2025-04-14 15:49:25,1744645693027,1744645765462
ced44bed-34f5-494b-83ca-f145f00553e8,B-DOGE_USDT,buy,filled,838.000000,-,0.161110,50x,2025-04-14 15:43:10,2025-04-14 15:43:10,1744645390259,1744645390709
d62eab88-014e-4139-8e89-2e8c723c9cd1,B-OM_USDT,sell,filled,22.400000,-,0.553050,1x,2025-04-14 15:30:37,2025-04-14 15:40:03,1744644637942,1744645203026
b815213f-823b-46b6-8508-c0668f76e871,B-OM_USDT,buy,filled,22.400000,-,0.579030,4x,2025-04-14 15:27:00,2025-04-14 15:27:01,1744644420712,1744644421220
3dd40c78-2fe2-40d8-8b01-2635a95ad9b2,B-XRP_USDT,buy,filled,58.400000,-,2.176900,1x,2025-04-14 14:45:20,2025-04-14 14:50:52,1744641920355,1744642252239
f2767039-43a8-40e5-8fb5-538734825e45,B-XRP_USDT,sell,filled,58.400000,-,2.161400,50x,2025-04-14 14:44:52,2025-04-14 14:44:53,1744641892988,1744641893452
8b27bb0b-7ca8-4cbf-a597-a8260989a519,B-DOGE_USDT,sell,filled,1111.000000,-,0.164158,1x,2025-04-14 14:30:49,2025-04-14 14:30:50,1744641049603,1744641050068
890a27a9-c46d-4627-ba3f-460bdf38c83d,B-DOGE_USDT,buy,filled,1111.000000,-,0.163680,50x,2025-04-14 14:14:49,2025-04-14 14:14:49,1744640089108,1744640089567
d4b9115d-94a2-4654-a4c4-9f71fdb99588,B-DOGE_USDT,sell,filled,1064.000000,-,0.163880,1x,2025-04-14 14:06:07,2025-04-14 14:06:07,1744639567161,1744639567597
b4152105-adad-4474-9f57-67e88298285f,B-DOGE_USDT,buy,filled,1064.000000,-,0.163420,50x,2025-04-14 14:02:37,2025-04-14 14:02:38,1744639357976,1744639358411
344f7c5f-55b8-4838-9bf7-b7a804e6cc5d,B-DOGE_USDT,sell,filled,736.000000,-,0.162850,1x,2025-04-14 13:56:37,2025-04-14 14:01:00,1744638997651,1744639260360
6863055f-fa96-4ebc-b935-9f30cda02177,B-OM_USDT,sell,filled,10.300000,-,0.711697,1x,2025-04-14 13:51:54,2025-04-14 13:52:00,1744638714805,1744638720036
e97fce32-3d54-4fae-8117-726e0392e2d1,B-OM_USDT,buy,filled,10.300000,-,0.731080,4x,2025-04-14 13:49:38,2025-04-14 13:49:38,1744638578375,1744638578775
7e56a41c-9b7c-4079-b50f-de6460d9e5ac,B-DOGE_USDT,buy,filled,736.000000,-,0.162830,50x,2025-04-14 13:46:49,2025-04-14 13:46:49,1744638409256,1744638409669
77f64717-ee9e-4ed1-8417-02fe9313d7ef,B-ETH_USDT,buy,filled,0.067000,-,1665.010000,1x,2025-04-14 13:38:06,2025-04-14 13:38:17,1744637886044,1744637897214
21aaece3-a8d7-41e8-9ab3-881d16bcffe1,B-ETH_USDT,sell,filled,0.067000,-,1672.750000,50x,2025-04-14 13:24:16,2025-04-14 13:24:16,1744637056030,1744637056531
526d3119-4c49-48e2-a4e5-545f61a65f58,B-ETH_USDT,buy,filled,0.073000,-,1676.000000,1x,2025-04-14 13:09:38,2025-04-14 13:16:01,1744636178243,1744636561657
45e03adb-27de-4733-82c7-eb597ceebaec,B-ETH_USDT,sell,filled,0.073000,-,1672.480000,50x,2025-04-14 13:09:23,2025-04-14 13:09:23,1744636163455,1744636163951
4753efba-60ad-4032-a46d-5fc5d5de7586,B-ETH_USDT,sell,filled,0.077000,-,1672.390000,1x,2025-04-14 13:09:08,2025-04-14 13:09:08,1744636148314,1744636148784
db8d598d-85c1-4153-b742-824f7f80b706,B-ETH_USDT,buy,filled,0.077000,-,1674.494160,50x,2025-04-14 13:07:04,2025-04-14 13:07:04,1744636024054,1744636024543
